TDSFU Daily run: Mon Oct 27 15:43:48 UTC 2025 TDSFU
TDSFU Daily run: Tue Oct 28 04:35:16 UTC 2025 TDSFU
TDSFU Daily run: Wed Oct 29 04:40:48 UTC 2025 TDSFU
TDSFU Daily run: Thu Oct 30 04:34:49 UTC 2025 TDSFU
TDSFU Daily run: Fri Oct 31 04:36:55 UTC 2025 TDSFU
TDSFU Daily run: Sat Nov  1 04:32:59 UTC 2025 TDSFU
TDSFU Daily run: Sun Nov  2 04:34:46 UTC 2025 TDSFU
TDSFU Daily run: Mon Nov  3 04:41:38 UTC 2025 TDSFU
TDSFU Daily run: Tue Nov  4 04:35:06 UTC 2025 TDSFU
TDSFU Daily run: Wed Nov  5 04:35:29 UTC 2025 TDSFU
TDSFU Daily run: Thu Nov  6 04:41:00 UTC 2025 TDSFU
TDSFU Daily run: Fri Nov  7 04:34:56 UTC 2025 TDSFU
TDSFU Daily run: Sat Nov  8 04:33:48 UTC 2025 TDSFU
